time,latitude,longitude,current_speed_knots,current_direction_deg,wind_speed_knots,wind_direction_deg
2020-07-27 00:15:46+00:00,19.68805,-92.07878,0.8,100.0,8.0,90.0
2020-07-27 00:05:46+00:00,19.68843588483926,-92.0815763801786,0.8,100.0,8.0,90.0
2020-07-26 23:55:46+00:00,19.688821769678523,-92.08437276709624,0.8,100.0,8.0,90.0
2020-07-26 23:45:46+00:00,19.689207654517784,-92.08716916075305,0.8,100.0,8.0,90.0
2020-07-26 23:35:46+00:00,19.689593539357045,-92.08996556114921,0.8,100.0,8.0,90.0
2020-07-26 23:25:46+00:00,19.689979424196306,-92.09276196828488,0.8,100.0,8.0,90.0
2020-07-26 23:15:46+00:00,19.690365309035567,-92.09555838216019,0.8,100.0,8.0,90.0
2020-07-26 23:05:46+00:00,19.690751193874828,-92.09835480277533,0.8,100.0,8.0,90.0
2020-07-26 22:55:46+00:00,19.69113707871409,-92.10115123013045,0.8,100.0,8.0,90.0
2020-07-26 22:45:46+00:00,19.69152296355335,-92.1039476642257,0.8,100.0,8.0,90.0
2020-07-26 22:35:46+00:00,19.69190884839261,-92.10674410506124,0.8,100.0,8.0,90.0
2020-07-26 22:25:46+00:00,19.692294733231872,-92.10954055263724,0.8,100.0,8.0,90.0
2020-07-26 22:15:46+00:00,19.692680618071133,-92.11233700695385,0.8,100.0,8.0,90.0
