simulation,latitude,longitude
0,19.69518610556197,-92.1135104572426
1,19.695988598277093,-92.11113150616787
2,19.695664354121604,-92.11384035986708
3,19.696098945899298,-92.11206184165378
4,19.69649362596609,-92.11323469903043
5,19.695068702312422,-92.11328354389015
6,19.696575115999938,-92.11479306086376
7,19.696158087565028,-92.1136895927108
8,19.69615015310713,-92.11306927392019
9,19.69553799365727,-92.1135684994092
10,19.695261378018618,-92.11381928579573
11,19.69591351424794,-92.11294967438977
12,19.696764556219794,-92.11519333379951
13,19.695923970486795,-92.11354249479103
14,19.695291576697848,-92.11399185471792
15,19.696160725946733,-92.11411035230327
16,19.697054741179084,-92.11439572464303
17,19.697152429649552,-92.11273006406596
18,19.69754806977214,-92.11374805095035
19,19.69612255764894,-92.11587878718254
20,19.697133222549404,-92.11454260105515
21,19.695484526117497,-92.1127252114773
22,19.698096413948388,-92.1158359361367
23,19.696940548550742,-92.1127305522428
24,19.69516821922909,-92.11268581299495
25,19.69592179535982,-92.11390797244086
26,19.696785536741764,-92.11595533475604
27,19.69578336748501,-92.11385947656078
28,19.697042810061973,-92.11150989620802
29,19.6966101166104,-92.11661635217662
30,19.696809783341518,-92.11634496712684
31,19.696263008298928,-92.11694193015879
32,19.6951747195914,-92.11252998042157
33,19.69637784577766,-92.11269655455965
34,19.696127841472578,-92.11313169888984
35,19.696634239241654,-92.11346012949043
36,19.695340390752623,-92.11316707106005
37,19.696141406528024,-92.11492261057278
38,19.6957876009332,-92.11477256636601
39,19.696869896601772,-92.11651572376202
40,19.696295809303255,-92.1141443737276
41,19.695721916285883,-92.11568911436729
42,19.696264346381337,-92.114223015357
43,19.696741347809485,-92.11479477876274
44,19.695879666520064,-92.11333873087145
45,19.696409433088935,-92.1147763030407
46,19.69567546803329,-92.11137954815277
47,19.697459979506096,-92.11462461474085
48,19.69500149498751,-92.11418537050814
49,19.695968067497706,-92.11433121161407
50,19.695797693803247,-92.11339066431941
51,19.696137703688713,-92.11552424450124
52,19.696204698611922,-92.11563217504415
53,19.696603765703614,-92.1146467066411
54,19.69588673460504,-92.11241633494542
55,19.69732037653362,-92.11772903232537
56,19.695279100184113,-92.10909936299083
57,19.695097558787353,-92.11382107695614
58,19.69446356763954,-92.11602728547436
59,19.696771825799285,-92.10916437271986
60,19.69638421437918,-92.11473123614867
61,19.696306048011586,-92.11618218241041
62,19.69613752710453,-92.11222589545216
63,19.69632569205137,-92.11421123562535
64,19.695186513747743,-92.11399089575428
65,19.696874771720868,-92.11507341088479
66,19.696439667613653,-92.11316156018485
67,19.69619503108361,-92.11642041634222
68,19.69575074541964,-92.11631643137669
69,19.69632816757772,-92.11608814952625
70,19.69689453262804,-92.11442174384794
71,19.694518726339137,-92.11678109245173
72,19.695650941258958,-92.11170230198357
73,19.696296311487234,-92.11385832975598
74,19.69593957348062,-92.11375985790811
75,19.697254543793502,-92.11540528962686
76,19.695448133555416,-92.11249471444795
77,19.694188905576617,-92.11078856778911
78,19.696222963531493,-92.1133455828749
79,19.695962396878,-92.114621902751
80,19.697063898422034,-92.11670115135044
81,19.695363715668872,-92.11549975491064
82,19.696766523955702,-92.11328593611987
83,19.695333973946976,-92.11488397353983
84,19.696076439701045,-92.1131049682611
85,19.694371092086506,-92.1144929256307
86,19.696114122347357,-92.11470156077921
87,19.69474954072306,-92.11240228127608
88,19.696063257409424,-92.11453196528268
89,19.696081792663716,-92.11219963818412
90,19.6953870075942,-92.1120269339037
91,19.69645983875191,-92.114367572091
92,19.69592986177514,-92.11530833350713
93,19.696972203804204,-92.11397456061285
94,19.69603964656785,-92.11179251208527
95,19.696003599851107,-92.11724891542595
96,19.69656550316789,-92.11449737361062
97,19.69481511891788,-92.11145706510891
98,19.696057487885895,-92.1105101843698
99,19.69658741163961,-92.11704684027346
100,19.696319202652855,-92.1134312065572
101,19.696145380632142,-92.11371723654547
102,19.69710325650807,-92.11464193611472
103,19.696617202967854,-92.11377179864685
104,19.695544569023056,-92.11518469352
105,19.69568337068452,-92.1140592752005
106,19.6966156865062,-92.11121507529593
107,19.696178774081954,-92.11455764925408
108,19.695523900059342,-92.11105102824533
109,19.695317543463375,-92.11381578726528
110,19.695090527614024,-92.1129414214723
111,19.695839743139384,-92.1133328534054
112,19.69600858676302,-92.1129582602159
113,19.69626065759744,-92.11352610796983
114,19.69635009650559,-92.11217234911443
115,19.69643195142594,-92.11504501970481
116,19.69594698279956,-92.11190326766591
117,19.69499621106558,-92.11372625576917
118,19.69665315396692,-92.11540021343887
119,19.694899276828345,-92.11234059666648
120,19.695576893801608,-92.10924731744169
121,19.69687700429664,-92.11506092392942
122,19.69681499615905,-92.11359660199314
123,19.695957594292803,-92.11172388987946
124,19.69617506472196,-92.11098430942666
125,19.695487415764884,-92.1134114372439
126,19.695879391165164,-92.11509496921656
127,19.69638942540726,-92.11723465365864
128,19.695777280043977,-92.11336202074969
129,19.695354589533,-92.11349838960952
130,19.695948383798587,-92.11330325715006
131,19.694871773850256,-92.11092717871313
132,19.696541734097682,-92.11411781330476
133,19.696269140862697,-92.11229317182398
134,19.696083879676394,-92.11591829375195
135,19.69629217704593,-92.11229194529385
136,19.69562720813622,-92.1122862128149
137,19.695350217960396,-92.1150880218286
138,19.696288925207956,-92.11536703306719
139,19.694935554093092,-92.11272179743631
140,19.69553471401518,-92.11244813259394
141,19.695712003807156,-92.11171699889276
142,19.697451309458174,-92.1178470251168
143,19.695767135179814,-92.11708987354652
144,19.696573706741482,-92.11351799435666
145,19.695509526751376,-92.11257503147777
146,19.696463827612646,-92.11192075239823
147,19.69549723209259,-92.11154271546232
148,19.69634944886728,-92.1153609225396
149,19.696237530470043,-92.11359303631792
150,19.696192627831817,-92.11296969879704
151,19.696577293826017,-92.11441372845573
152,19.695811870684867,-92.11612322391876
153,19.696298099530257,-92.11668404496362
154,19.695828997936413,-92.11387616182684
155,19.69546508307262,-92.11205091303266
156,19.69586923536478,-92.11361716338752
157,19.696008322377548,-92.11478655717318
158,19.696917180798767,-92.11297561124529
159,19.695359441766524,-92.1129791325303
160,19.696685921636842,-92.11325602226728
161,19.69635924615518,-92.11195174962916
162,19.69598201074021,-92.11745959462475
163,19.696485457422792,-92.11238347195099
164,19.694910460835555,-92.11186156384264
165,19.69580991804821,-92.112981200747
166,19.695333066032465,-92.11227457840566
167,19.695855546184944,-92.11319287181615
168,19.69551911626917,-92.11085820415892
169,19.69753449988009,-92.11539614052859
170,19.696163726526656,-92.11304885573084
171,19.695811632559753,-92.11510692831543
172,19.694969087795528,-92.11080450889332
173,19.695394830022064,-92.1126432194817
174,19.69619320450132,-92.11433631132157
175,19.696086304697957,-92.1134162386679
176,19.696265175972087,-92.11475323778119
177,19.69638428953011,-92.11571812963868
178,19.69673892580799,-92.11469769874074
179,19.696132629180106,-92.11563988692423
180,19.69604523432104,-92.1135953950122
181,19.6956290516605,-92.11167278398497
182,19.69545695162845,-92.11143958409863
183,19.69708373415988,-92.11416548378793
184,19.695518124826464,-92.1114159083446
185,19.697390509736067,-92.11482149798212
186,19.696438731207095,-92.11473195003606
187,19.696111798932993,-92.11597420121633
188,19.69596570948409,-92.1138048083708
189,19.695783391299464,-92.1168676354485
190,19.696313847336906,-92.11612698254073
191,19.696815597702305,-92.11420925088754
192,19.69616940412364,-92.11330611458973
193,19.69642218157257,-92.11339036423122
194,19.696206159264516,-92.11384033448519
195,19.69572975649126,-92.11613419764063
196,19.696273704495702,-92.11532863284403
197,19.6961952872512,-92.116649800724
198,19.695773681149376,-92.11450886091859
199,19.695541574165976,-92.11265939332435
200,19.69576866405096,-92.11513267675232
201,19.696266234943074,-92.11473779466601
202,19.696880658168993,-92.11721437873808
203,19.69518854187939,-92.11345892549846
204,19.69614160934048,-92.11084507350849
205,19.69560350293408,-92.11363661107366
206,19.695547812092293,-92.11217656645915
207,19.696311176974916,-92.11021305826259
208,19.69596205531733,-92.1148567414595
209,19.6962171613668,-92.11246018533497
210,19.696409070715415,-92.11222116978428
211,19.69559494530556,-92.11253754598405
212,19.69659486708275,-92.11679151417415
213,19.695890238638565,-92.11358718292101
214,19.695449297650985,-92.11369670656337
215,19.695736164491056,-92.1110138760111
216,19.696918438158388,-92.11176134159692
217,19.69555940637102,-92.11231832045078
218,19.69561045697493,-92.11284765419025
219,19.696552130553115,-92.11434715284076
220,19.69531368453822,-92.1120730777936
221,19.69577702275573,-92.11408473502401
222,19.695314226322584,-92.11161717884724
223,19.696234846652835,-92.11176697112293
224,19.69652392865368,-92.1146668745125
225,19.695768626269434,-92.11589710804145
226,19.696057056095697,-92.1136536107361
227,19.69656777157153,-92.11370638373617
228,19.69645342669267,-92.11168321783941
229,19.696025781082458,-92.11417109459052
230,19.69590035877202,-92.11468276504694
231,19.697005354618977,-92.11351368846417
232,19.694899992266553,-92.11187649134087
233,19.695548165181265,-92.1117799532863
234,19.69625022162684,-92.11312880674109
235,19.69598839244122,-92.11726167877843
236,19.69613201523665,-92.11620442067867
237,19.6955953438116,-92.11383269694213
238,19.696336452470245,-92.11495572953287
239,19.696354438608104,-92.11430048930295
240,19.695177250783928,-92.11387773330999
241,19.69596963852229,-92.11597908453172
242,19.69582960222695,-92.11289607973633
243,19.695311053509954,-92.11172341551605
244,19.695316052654977,-92.11485951964393
245,19.69682792599049,-92.1152278970271
246,19.69644661300901,-92.11379216031042
247,19.696245360711327,-92.1155627919058
248,19.696044041539896,-92.11592864828368
249,19.69683372595336,-92.11673145785154
250,19.69589180922986,-92.11472157770527
251,19.69676225532564,-92.11468650614388
252,19.695863699949943,-92.11221209897022
253,19.69602930762669,-92.11364477270959
254,19.69587268988195,-92.1129218478927
255,19.696569473248516,-92.1125038979971
256,19.695258343397143,-92.11241612782776
257,19.69744344012896,-92.11878621139199
258,19.696395233648037,-92.11347817802475
259,19.696791457645652,-92.11403303846855
260,19.695753848190986,-92.1124313225963
261,19.696201618085215,-92.11604210300322
262,19.69599810993716,-92.11309095914507
263,19.69549604280089,-92.11338243868957
264,19.696491502792643,-92.11543926144951
265,19.694889106270587,-92.11117158531937
266,19.697576546618883,-92.1185394258015
267,19.694755116746762,-92.11385398100367
268,19.695879817264593,-92.1166985901025
269,19.695911361076625,-92.11269117951217
270,19.695984653565425,-92.1109794078222
271,19.69633703190172,-92.11437111899973
272,19.695294587215038,-92.11419712598195
273,19.696491301066867,-92.11268752421503
274,19.69554803333539,-92.1118674609057
275,19.696290374726328,-92.11434462566663
276,19.695211676759577,-92.11370828335725
277,19.69639277090818,-92.11188098353217
278,19.697095765755616,-92.113932022868
279,19.696711418679946,-92.11443703358013
280,19.69600525840749,-92.11481772763105
281,19.694938807378215,-92.11452366915908
282,19.697936826012036,-92.11541297648051
283,19.695047520268016,-92.11459289603856
284,19.69596058269208,-92.10927572289002
285,19.696409401273794,-92.1138306033674
286,19.69623621620747,-92.11256584492673
287,19.695573093725592,-92.1113088601495
288,19.695615788285846,-92.11216211983951
289,19.696052870052117,-92.11190313118432
290,19.696808831663233,-92.11448281011631
291,19.695086413961704,-92.11347840726208
292,19.696057222003503,-92.11207361527151
293,19.69631066944961,-92.11422362248975
294,19.695659313917115,-92.11369339190256
295,19.69521443079871,-92.10996783745668
296,19.696278871962434,-92.11406143416414
297,19.694710874829664,-92.11425433675967
298,19.696480877412853,-92.11453565506591
299,19.69553809829429,-92.11167197462417
300,19.696078534393717,-92.11498205657946
301,19.696145879219713,-92.11256391797818
302,19.69585867212052,-92.11193270678166
303,19.696544186093128,-92.1156757270855
304,19.69681450129363,-92.11449933821523
305,19.697616359332653,-92.116820078035
306,19.695961586365495,-92.11354072127918
307,19.69547557493156,-92.11182752612595
308,19.696729126953688,-92.11548217194881
309,19.69623356658559,-92.11039852061468
310,19.697086460566947,-92.11211230270548
311,19.696234006974226,-92.11806977958558
312,19.69499392937296,-92.1154668867654
313,19.695761692367256,-92.11347316862472
314,19.696038490497312,-92.11236899224575
315,19.697017777315192,-92.11247012698138
316,19.69644178205314,-92.11487051844978
317,19.695319362659806,-92.1096545686921
318,19.6959056986292,-92.11456978240227
319,19.695658948720872,-92.11252424250365
320,19.69600183543871,-92.1121598939612
321,19.695792298945964,-92.11394831146353
322,19.695448514905944,-92.11246391863611
323,19.697258799754508,-92.11389190797843
324,19.696390222184288,-92.11267450549892
325,19.69672116401196,-92.11264456237859
326,19.696066886227925,-92.11486537169186
327,19.696329092368927,-92.11310727804182
328,19.696526944894465,-92.11304740866021
329,19.695788350723767,-92.11249868475676
330,19.69606377887756,-92.11214062905115
331,19.696842884753178,-92.11548561835663
332,19.695164530620023,-92.11270245403188
333,19.69526921932208,-92.11289681025654
334,19.69682523086119,-92.11526649960942
335,19.69574597237272,-92.11124165707304
336,19.696621044364427,-92.11336543683579
337,19.69580401587956,-92.11354856874694
338,19.69650278006368,-92.11293271642974
339,19.6961886324052,-92.11497276233838
340,19.695640484627226,-92.11091519220354
341,19.696554782668237,-92.11541118437687
342,19.695977265111367,-92.11382082689994
343,19.696337111774657,-92.11612912138881
344,19.69603697995385,-92.11453518692463
345,19.696738045352813,-92.11551909400205
346,19.69594184661211,-92.11599960858081
347,19.69563262156063,-92.1131166588462
348,19.696325772753458,-92.11670304684974
349,19.696642385387285,-92.11291415366924
350,19.695916738837266,-92.11309888854909
351,19.696965019190817,-92.11358802059272
352,19.69629319980724,-92.11284312811013
353,19.696641795547816,-92.1124745213948
354,19.6965003591602,-92.11294370153942
355,19.69535040551619,-92.11381640402138
356,19.69514195115914,-92.11392722648579
357,19.69725979621342,-92.11218692807297
358,19.696648583209797,-92.11635849202256
359,19.696284467587496,-92.11238985763347
360,19.696695742039427,-92.11575172178621
361,19.695721065528762,-92.11339095137407
362,19.696384954105927,-92.11268252826504
363,19.69518403291888,-92.11409859218668
364,19.694852872304242,-92.11495787173065
365,19.69557299531545,-92.1121553263111
366,19.69747769712497,-92.11397233732069
367,19.696302533169284,-92.113175207145
368,19.696221534119026,-92.1138614384796
369,19.695279598850096,-92.11181999182614
370,19.69757294121318,-92.1124631156783
371,19.696607381842355,-92.11537588533017
372,19.6956001746098,-92.11586748789641
373,19.695643339542702,-92.11321684594726
374,19.69696159244737,-92.11509606284216
375,19.69454670186208,-92.11039492720627
376,19.695876900186178,-92.11412792466032
377,19.69695690630427,-92.1113752417454
378,19.695460087751062,-92.1117902698226
379,19.695841203014588,-92.1166250927126
380,19.69555876715904,-92.11533800196999
381,19.695669963524075,-92.11240225016654
382,19.696444228232746,-92.11414304392878
383,19.69685164318892,-92.1147790875907
384,19.695940509975532,-92.11715022826779
385,19.69476707836621,-92.11503344204827
386,19.695387013959234,-92.11271204123048
387,19.69594850189518,-92.11270529839234
388,19.696361746902884,-92.1126343795974
389,19.695744108049222,-92.11167580581282
390,19.695685478351614,-92.11418839386627
391,19.697084888599395,-92.1105038762308
392,19.69672358909293,-92.11377969789433
393,19.695342758248056,-92.11258179654506
394,19.69661237912247,-92.11319554873585
395,19.695896637005,-92.11578263676506
396,19.69631053485781,-92.11221076859557
397,19.69677245316026,-92.11119247361279
398,19.69556931215231,-92.11258172890223
399,19.696725862828668,-92.11377506936986
400,19.695588703594396,-92.11366645120893
401,19.695770931301762,-92.11150451882439
402,19.69636383865357,-92.1139249991381
403,19.697218364160175,-92.11474426969113
404,19.697360442633258,-92.11330430234233
405,19.695547707884277,-92.11266818088194
406,19.695808807472833,-92.11394093906318
407,19.695386336785646,-92.11531336605196
408,19.69694838451049,-92.11545795979005
409,19.695419564151248,-92.11198590782439
410,19.696276907000275,-92.11462967350914
411,19.69571880675388,-92.11342918425338
412,19.69562144371572,-92.11117726958611
413,19.695730608792367,-92.11612033212242
414,19.695635970001277,-92.11381738246077
415,19.69631627250959,-92.11207063374509
416,19.696469716612345,-92.11306845086392
417,19.695009434161285,-92.11102922734601
418,19.696272518053018,-92.1128126933683
419,19.695869715935405,-92.11363543408198
420,19.694431072839848,-92.11439452261006
421,19.69739972608532,-92.11336035829488
422,19.695360354883977,-92.11396016081581
423,19.696173721532578,-92.11555793410746
424,19.695858895034398,-92.11371698162287
425,19.695777938710027,-92.11372834011414
426,19.69574416063117,-92.11465391110546
427,19.697527018290398,-92.11301705808161
428,19.69706052287329,-92.1149013635635
429,19.695433362021426,-92.11033237222074
430,19.696768726946242,-92.11208046140642
431,19.694873775495754,-92.11434706598993
432,19.696872638656753,-92.1152788159391
433,19.695259974666296,-92.11371464092458
434,19.696465339959474,-92.11556834303268
435,19.695761069933965,-92.11412349942685
436,19.697344225032975,-92.11349513472473
437,19.695625323284254,-92.11265684651873
438,19.696054711902022,-92.11222473490999
439,19.69595675049856,-92.11460912683569
440,19.696490809753705,-92.11514377156432
441,19.696447724286966,-92.11734224871655
442,19.69653412433647,-92.11335107085185
443,19.695968599891764,-92.11520204742656
444,19.695997977893295,-92.11288027324665
445,19.69645538535123,-92.11208668544374
446,19.69592715524036,-92.11417549664122
447,19.6966551492026,-92.11381012202435
448,19.695889200028308,-92.113406820129
449,19.69664202447748,-92.11192231281085
450,19.696852840519224,-92.11482560922136
451,19.695266377715413,-92.11278784652532
452,19.695034426823067,-92.11468708580763
453,19.69511104020921,-92.11447504475882
454,19.694370601285733,-92.11623157498747
455,19.695867125739383,-92.10900543619883
456,19.69434275843915,-92.11217704554403
457,19.69551328957307,-92.11436747749833
458,19.696147687181195,-92.11172719871999
459,19.697247557965653,-92.11120326101081
460,19.69627366221116,-92.11623683625874
461,19.695911390452842,-92.11506284071542
462,19.694612548578984,-92.1111952786648
463,19.696133305751207,-92.11382159878393
464,19.696338584344883,-92.11240891619879
465,19.69569796754526,-92.11293118866601
466,19.697209146045616,-92.11317738970307
467,19.695843975937198,-92.11359440201535
468,19.696392532961216,-92.11481515750107
469,19.695753995343207,-92.1138489062604
470,19.695986375823622,-92.11571479238805
471,19.695357651605946,-92.11433082196255
472,19.696373814486332,-92.11311488871902
473,19.695492238333127,-92.11406863717747
474,19.69510838033129,-92.111387973442
475,19.695952926082224,-92.11411453694377
476,19.696740735293915,-92.11234395755606
477,19.695243863980604,-92.11461931167136
478,19.69745868603798,-92.11391316908103
479,19.697306114263146,-92.11596326065676
480,19.694768991696012,-92.1147064251727
481,19.69614524336711,-92.11586140046687
482,19.695519322237985,-92.1120024813735
483,19.696252139836936,-92.11266957869867
484,19.69583948012737,-92.115782180424
485,19.69578397499678,-92.11191454919388
486,19.696015728720898,-92.1122194762558
487,19.695978321864516,-92.11423264751731
488,19.695556602063192,-92.1121179299609
489,19.69725977192648,-92.11462907709519
490,19.695971189685952,-92.11316926388268
491,19.695702511940645,-92.11420572559692
492,19.69711189425215,-92.11350978429272
493,19.69671594271247,-92.11243937734197
494,19.69577956316991,-92.11491476370131
495,19.695275987163054,-92.11368864137806
496,19.696128694117395,-92.11424366990732
497,19.696403567969995,-92.11200473355252
498,19.695861114253567,-92.11653909806593
499,19.695753717459255,-92.11369821920567
