timestamp,wind_speed_knots,wind_direction_deg,current_speed_knots,current_direction_deg
2020-07-26 16:15:46,8.551,75.058,0.838,100.932
2020-07-26 16:25:46,8.394,75.001,0.858,99.868
2020-07-26 16:35:46,8.217,75.095,0.876,98.806
2020-07-26 16:45:46,8.024,75.337,0.888,97.765
2020-07-26 16:55:46,7.817,75.726,0.897,96.763
2020-07-26 17:05:46,7.599,76.258,0.9,95.82
2020-07-26 17:15:46,7.373,76.926,0.898,94.95
2020-07-26 17:25:46,7.142,77.726,0.892,94.17
2020-07-26 17:35:46,6.909,78.648,0.88,93.493
2020-07-26 17:45:46,6.677,79.684,0.864,92.932
2020-07-26 17:55:46,6.449,80.822,0.845,92.497
2020-07-26 18:05:46,6.229,82.052,0.822,92.194
2020-07-26 18:15:46,6.019,83.362,0.797,92.031
2020-07-26 18:25:46,5.823,84.738,0.77,92.008
2020-07-26 18:35:46,5.643,86.167,0.743,92.128
2020-07-26 18:45:46,5.481,87.634,0.715,92.387
2020-07-26 18:55:46,5.34,89.124,0.689,92.782
2020-07-26 19:05:46,5.221,90.624,0.665,93.304
2020-07-26 19:15:46,5.127,92.117,0.644,93.946
2020-07-26 19:25:46,5.058,93.589,0.627,94.694
2020-07-26 19:35:46,5.016,95.025,0.613,95.538
2020-07-26 19:45:46,5.0,96.411,0.604,96.46
2020-07-26 19:55:46,5.012,97.733,0.6,97.445
2020-07-26 20:05:46,5.05,98.977,0.601,98.475
2020-07-26 20:15:46,5.116,100.132,0.607,99.533
2020-07-26 20:25:46,5.206,101.186,0.618,100.599
2020-07-26 20:35:46,5.322,102.127,0.633,101.654
2020-07-26 20:45:46,5.46,102.948,0.652,102.68
2020-07-26 20:55:46,5.618,103.639,0.675,103.658
2020-07-26 21:05:46,5.796,104.195,0.7,104.572
2020-07-26 21:15:46,5.99,104.608,0.726,105.404
2020-07-26 21:25:46,6.198,104.875,0.754,106.14
2020-07-26 21:35:46,6.417,104.994,0.781,106.767
2020-07-26 21:45:46,6.644,104.962,0.807,107.274
2020-07-26 21:55:46,6.875,104.782,0.832,107.652
2020-07-26 22:05:46,7.108,104.453,0.853,107.895
2020-07-26 22:15:46,7.34,103.981,0.871,107.997
2020-07-26 22:25:46,7.567,103.368,0.885,107.957
2020-07-26 22:35:46,7.786,102.622,0.895,107.776
2020-07-26 22:45:46,7.995,101.75,0.9,107.456
2020-07-26 22:55:46,8.19,100.76,0.899,107.005
2020-07-26 23:05:46,8.369,99.663,0.894,106.429
2020-07-26 23:15:46,8.53,98.47,0.884,105.739
2020-07-26 23:25:46,8.669,97.191,0.869,104.947
2020-07-26 23:35:46,8.786,95.841,0.85,104.067
2020-07-26 23:45:46,8.879,94.433,0.828,103.115
2020-07-26 23:55:46,8.946,92.98,0.804,102.108
2020-07-27 00:05:46,8.986,91.498,0.777,101.064
2020-07-27 00:15:46,9.0,90.0,0.75,100.0
