mmsi,base_date_time,longitude,latitude,sog,cog,heading,vessel_name,vessel_type
900000001,2020-07-26 16:15:46,-92.650475,19.300139,11.72,53.23,53.23,OCEAN STAR,Cargo
900000002,2020-07-26 16:15:46,-92.349823,19.950236,10.59,131.91,131.91,BLUE HORIZON,Tanker
900000003,2020-07-26 16:15:46,-91.80047,19.849922,13.01,37.67,37.67,PACIFIC TRADER,Cargo
900000004,2020-07-26 16:15:46,-92.900301,18.899527,10.04,75.76,75.76,MARINE SPIRIT,Cargo
900000005,2020-07-26 16:15:46,-92.199911,19.54972,3.51,44.52,44.52,COASTAL DREAM,Fishing
900000006,2020-07-26 16:15:46,-91.999802,19.200306,8.66,359.36,359.36,NORTH WIND,Cargo
900000007,2020-07-26 16:15:46,-92.600163,19.900457,9.6,135.03,135.03,SEA FALCON,Tanker
900000008,2020-07-26 16:15:46,-92.999896,19.600347,14.23,91.14,91.14,WESTERN DAWN,Cargo
900000001,2020-07-26 16:25:46,-92.637626,19.308121,12.05,53.64,53.64,OCEAN STAR,Cargo
900000002,2020-07-26 16:25:46,-92.345715,19.946996,11.08,131.79,131.79,BLUE HORIZON,Tanker
900000003,2020-07-26 16:25:46,-91.795454,19.856038,12.79,37.71,37.71,PACIFIC TRADER,Cargo
900000004,2020-07-26 16:25:46,-92.896934,18.900413,9.78,73.57,73.57,MARINE SPIRIT,Cargo
900000005,2020-07-26 16:25:46,-92.199302,19.550969,3.71,42.77,42.77,COASTAL DREAM,Fishing
900000006,2020-07-26 16:25:46,-91.999563,19.209767,9.11,0.59,0.59,NORTH WIND,Cargo
900000007,2020-07-26 16:25:46,-92.593104,19.893004,9.88,135.31,135.31,SEA FALCON,Tanker
900000008,2020-07-26 16:25:46,-92.991527,19.60049,14.18,90.14,90.14,WESTERN DAWN,Cargo
900000001,2020-07-26 16:35:46,-92.625923,19.316512,11.53,53.04,53.04,OCEAN STAR,Cargo
900000002,2020-07-26 16:35:46,-92.341899,19.943149,11.44,129.18,129.18,BLUE HORIZON,Tanker
900000003,2020-07-26 16:35:46,-91.790185,19.862043,12.9,39.42,39.42,PACIFIC TRADER,Cargo
900000004,2020-07-26 16:35:46,-92.893374,18.902081,9.75,74.22,74.22,MARINE SPIRIT,Cargo
900000005,2020-07-26 16:35:46,-92.198571,19.551728,4.4,43.63,43.63,COASTAL DREAM,Fishing
900000006,2020-07-26 16:35:46,-92.000281,19.219899,9.01,1.99,1.99,NORTH WIND,Cargo
900000007,2020-07-26 16:35:46,-92.58712,19.886258,10.13,135.1,135.1,SEA FALCON,Tanker
900000008,2020-07-26 16:35:46,-92.983411,19.600292,13.88,88.17,88.17,WESTERN DAWN,Cargo
900000001,2020-07-26 16:45:46,-92.61427,19.324749,12.36,56.01,56.01,OCEAN STAR,Cargo
900000002,2020-07-26 16:45:46,-92.337279,19.939511,11.04,131.07,131.07,BLUE HORIZON,Tanker
900000003,2020-07-26 16:45:46,-91.784859,19.867267,12.93,37.24,37.24,PACIFIC TRADER,Cargo
900000004,2020-07-26 16:45:46,-92.889546,18.902454,9.76,76.67,76.67,MARINE SPIRIT,Cargo
900000005,2020-07-26 16:45:46,-92.197821,19.552501,4.37,44.94,44.94,COASTAL DREAM,Fishing
900000006,2020-07-26 16:45:46,-91.999861,19.229798,8.65,0.44,0.44,NORTH WIND,Cargo
900000007,2020-07-26 16:45:46,-92.579961,19.880263,10.03,137.77,137.77,SEA FALCON,Tanker
900000008,2020-07-26 16:45:46,-92.975176,19.599501,14.43,87.99,87.99,WESTERN DAWN,Cargo
900000001,2020-07-26 16:55:46,-92.602067,19.332716,11.56,53.36,53.36,OCEAN STAR,Cargo
900000002,2020-07-26 16:55:46,-92.332886,19.937045,10.99,128.68,128.68,BLUE HORIZON,Tanker
900000003,2020-07-26 16:55:46,-91.779739,19.872903,12.63,39.86,39.86,PACIFIC TRADER,Cargo
900000004,2020-07-26 16:55:46,-92.886617,18.903309,10.37,74.22,74.22,MARINE SPIRIT,Cargo
900000005,2020-07-26 16:55:46,-92.196955,19.553256,4.23,43.44,43.44,COASTAL DREAM,Fishing
900000006,2020-07-26 16:55:46,-92.000188,19.239701,9.15,1.98,1.98,NORTH WIND,Cargo
900000007,2020-07-26 16:55:46,-92.573316,19.873271,9.72,135.14,135.14,SEA FALCON,Tanker
900000008,2020-07-26 16:55:46,-92.966578,19.599838,13.72,88.84,88.84,WESTERN DAWN,Cargo
900000001,2020-07-26 17:05:46,-92.590367,19.339993,12.41,53.04,53.04,OCEAN STAR,Cargo
900000002,2020-07-26 17:05:46,-92.329596,19.933693,11.17,129.29,129.29,BLUE HORIZON,Tanker
900000003,2020-07-26 17:05:46,-91.775368,19.878881,13.07,40.54,40.54,PACIFIC TRADER,Cargo
900000004,2020-07-26 17:05:46,-92.883049,18.904139,9.69,76.39,76.39,MARINE SPIRIT,Cargo
900000005,2020-07-26 17:05:46,-92.195902,19.553764,3.97,42.98,42.98,COASTAL DREAM,Fishing
900000006,2020-07-26 17:05:46,-91.999827,19.250229,8.6,1.94,1.94,NORTH WIND,Cargo
900000007,2020-07-26 17:05:46,-92.566827,19.866569,9.75,138.11,138.11,SEA FALCON,Tanker
900000008,2020-07-26 17:05:46,-92.958385,19.59969,13.78,89.6,89.6,WESTERN DAWN,Cargo
900000001,2020-07-26 17:15:46,-92.578174,19.348256,12.36,53.9,53.9,OCEAN STAR,Cargo
900000002,2020-07-26 17:15:46,-92.325449,19.93005,11.34,132.34,132.34,BLUE HORIZON,Tanker
900000003,2020-07-26 17:15:46,-91.769574,19.885469,12.67,40.19,40.19,PACIFIC TRADER,Cargo
900000004,2020-07-26 17:15:46,-92.880286,18.904986,9.56,74.77,74.77,MARINE SPIRIT,Cargo
900000005,2020-07-26 17:15:46,-92.194515,19.554879,4.28,42.35,42.35,COASTAL DREAM,Fishing
900000006,2020-07-26 17:15:46,-92.000077,19.259955,9.5,1.83,1.83,NORTH WIND,Cargo
900000007,2020-07-26 17:15:46,-92.559782,19.860056,9.8,135.28,135.28,SEA FALCON,Tanker
900000008,2020-07-26 17:15:46,-92.949921,19.600469,14.25,90.08,90.08,WESTERN DAWN,Cargo
900000001,2020-07-26 17:25:46,-92.566613,19.356148,12.35,54.14,54.14,OCEAN STAR,Cargo
900000002,2020-07-26 17:25:46,-92.320373,19.926324,10.69,128.66,128.66,BLUE HORIZON,Tanker
900000003,2020-07-26 17:25:46,-91.764825,19.890928,12.62,37.73,37.73,PACIFIC TRADER,Cargo
900000004,2020-07-26 17:25:46,-92.87692,18.906224,10.12,75.54,75.54,MARINE SPIRIT,Cargo
900000005,2020-07-26 17:25:46,-92.194083,19.555753,4.43,43.38,43.38,COASTAL DREAM,Fishing
900000006,2020-07-26 17:25:46,-91.999784,19.269704,8.9,358.95,358.95,NORTH WIND,Cargo
900000007,2020-07-26 17:25:46,-92.553533,19.853505,10.25,135.92,135.92,SEA FALCON,Tanker
900000008,2020-07-26 17:25:46,-92.941708,19.599573,14.5,91.91,91.91,WESTERN DAWN,Cargo
900000001,2020-07-26 17:35:46,-92.555084,19.364248,12.43,53.19,53.19,OCEAN STAR,Cargo
900000002,2020-07-26 17:35:46,-92.316287,19.923714,10.66,129.82,129.82,BLUE HORIZON,Tanker
900000003,2020-07-26 17:35:46,-91.759796,19.897,13.49,39.24,39.24,PACIFIC TRADER,Cargo
900000004,2020-07-26 17:35:46,-92.873826,18.906821,9.8,76.43,76.43,MARINE SPIRIT,Cargo
900000005,2020-07-26 17:35:46,-92.192894,19.55683,3.62,41.82,41.82,COASTAL DREAM,Fishing
900000006,2020-07-26 17:35:46,-91.999947,19.279607,9.1,359.09,359.09,NORTH WIND,Cargo
900000007,2020-07-26 17:35:46,-92.546963,19.846884,9.76,137.2,137.2,SEA FALCON,Tanker
900000008,2020-07-26 17:35:46,-92.932928,19.599989,13.59,91.3,91.3,WESTERN DAWN,Cargo
900000001,2020-07-26 17:45:46,-92.54312,19.372683,12.27,52.14,52.14,OCEAN STAR,Cargo
900000002,2020-07-26 17:45:46,-92.312738,19.920137,11.05,131.3,131.3,BLUE HORIZON,Tanker
900000003,2020-07-26 17:45:46,-91.75549,19.902428,13.38,37.1,37.1,PACIFIC TRADER,Cargo
900000004,2020-07-26 17:45:46,-92.869954,18.907904,10.08,76.5,76.5,MARINE SPIRIT,Cargo
900000005,2020-07-26 17:45:46,-92.192873,19.557148,4.4,42.52,42.52,COASTAL DREAM,Fishing
900000006,2020-07-26 17:45:46,-91.999639,19.290296,8.71,1.6,1.6,NORTH WIND,Cargo
900000007,2020-07-26 17:45:46,-92.540397,19.83975,10.38,137.78,137.78,SEA FALCON,Tanker
900000008,2020-07-26 17:45:46,-92.924879,19.599906,14.43,88.53,88.53,WESTERN DAWN,Cargo
900000001,2020-07-26 17:55:46,-92.53052,19.381208,12.38,55.37,55.37,OCEAN STAR,Cargo
900000002,2020-07-26 17:55:46,-92.308097,19.916191,11.43,129.67,129.67,BLUE HORIZON,Tanker
900000003,2020-07-26 17:55:46,-91.749636,19.908636,12.77,40.04,40.04,PACIFIC TRADER,Cargo
900000004,2020-07-26 17:55:46,-92.867059,18.908621,10.36,76.65,76.65,MARINE SPIRIT,Cargo
900000005,2020-07-26 17:55:46,-92.19135,19.558056,3.81,43.13,43.13,COASTAL DREAM,Fishing
900000006,2020-07-26 17:55:46,-92.000272,19.300295,8.69,358.09,358.09,NORTH WIND,Cargo
900000007,2020-07-26 17:55:46,-92.532969,19.833162,9.78,138.53,138.53,SEA FALCON,Tanker
900000008,2020-07-26 17:55:46,-92.916767,19.600141,14.04,91.84,91.84,WESTERN DAWN,Cargo
900000001,2020-07-26 18:05:46,-92.51948,19.389367,11.68,56.01,56.01,OCEAN STAR,Cargo
900000002,2020-07-26 18:05:46,-92.304401,19.913796,10.93,128.77,128.77,BLUE HORIZON,Tanker
900000003,2020-07-26 18:05:46,-91.745186,19.914395,13.01,39.22,39.22,PACIFIC TRADER,Cargo
900000004,2020-07-26 18:05:46,-92.863257,18.909052,10.21,74.18,74.18,MARINE SPIRIT,Cargo
900000005,2020-07-26 18:05:46,-92.190408,19.558668,4.22,43.44,43.44,COASTAL DREAM,Fishing
900000006,2020-07-26 18:05:46,-91.999829,19.310242,8.57,359.46,359.46,NORTH WIND,Cargo
900000007,2020-07-26 18:05:46,-92.526836,19.826831,10.35,135.91,135.91,SEA FALCON,Tanker
900000008,2020-07-26 18:05:46,-92.908533,19.60022,13.91,89.15,89.15,WESTERN DAWN,Cargo
900000001,2020-07-26 18:15:46,-92.507399,19.396915,11.92,52.64,52.64,OCEAN STAR,Cargo
900000002,2020-07-26 18:15:46,-92.299823,19.91044,11.12,131.95,131.95,BLUE HORIZON,Tanker
900000003,2020-07-26 18:15:46,-91.739952,19.919801,12.79,36.8,36.8,PACIFIC TRADER,Cargo
900000004,2020-07-26 18:15:46,-92.85992,18.90993,9.96,75.78,75.78,MARINE SPIRIT,Cargo
900000005,2020-07-26 18:15:46,-92.190286,19.559942,4.4,43.18,43.18,COASTAL DREAM,Fishing
900000006,2020-07-26 18:15:46,-92.00033,19.320296,9.02,358.34,358.34,NORTH WIND,Cargo
900000007,2020-07-26 18:15:46,-92.520165,19.820133,10.25,137.93,137.93,SEA FALCON,Tanker
900000008,2020-07-26 18:15:46,-92.900275,19.600173,13.52,88.71,88.71,WESTERN DAWN,Cargo
900000001,2020-07-26 18:25:46,-92.495319,19.404842,11.57,55.53,55.53,OCEAN STAR,Cargo
900000002,2020-07-26 18:25:46,-92.295704,19.906581,11.2,129.12,129.12,BLUE HORIZON,Tanker
900000003,2020-07-26 18:25:46,-91.735256,19.925828,12.51,39.42,39.42,PACIFIC TRADER,Cargo
900000004,2020-07-26 18:25:46,-92.856397,18.911084,9.93,73.59,73.59,MARINE SPIRIT,Cargo
900000005,2020-07-26 18:25:46,-92.188709,19.560509,3.55,43.36,43.36,COASTAL DREAM,Fishing
900000006,2020-07-26 18:25:46,-91.999652,19.329749,9.3,359.83,359.83,NORTH WIND,Cargo
900000007,2020-07-26 18:25:46,-92.512845,19.813501,10.45,137.04,137.04,SEA FALCON,Tanker
900000008,2020-07-26 18:25:46,-92.891554,19.600391,14.0,90.79,90.79,WESTERN DAWN,Cargo
900000001,2020-07-26 18:35:46,-92.483346,19.413512,12.24,55.72,55.72,OCEAN STAR,Cargo
900000002,2020-07-26 18:35:46,-92.291907,19.903308,11.14,129.33,129.33,BLUE HORIZON,Tanker
900000003,2020-07-26 18:35:46,-91.729979,19.931932,12.77,39.3,39.3,PACIFIC TRADER,Cargo
900000004,2020-07-26 18:35:46,-92.853548,18.911244,9.82,74.25,74.25,MARINE SPIRIT,Cargo
900000005,2020-07-26 18:35:46,-92.188695,19.561707,4.19,42.21,42.21,COASTAL DREAM,Fishing
900000006,2020-07-26 18:35:46,-92.000436,19.340206,9.04,359.63,359.63,NORTH WIND,Cargo
900000007,2020-07-26 18:35:46,-92.50696,19.806582,10.4,136.34,136.34,SEA FALCON,Tanker
900000008,2020-07-26 18:35:46,-92.883138,19.600084,14.27,91.34,91.34,WESTERN DAWN,Cargo
900000001,2020-07-26 18:45:46,-92.471988,19.421146,12.25,53.53,53.53,OCEAN STAR,Cargo
900000002,2020-07-26 18:45:46,-92.287047,19.900353,11.25,130.02,130.02,BLUE HORIZON,Tanker
900000003,2020-07-26 18:45:46,-91.724897,19.937546,12.72,37.68,37.68,PACIFIC TRADER,Cargo
900000004,2020-07-26 18:45:46,-92.850471,18.912436,10.18,74.51,74.51,MARINE SPIRIT,Cargo
900000005,2020-07-26 18:45:46,-92.187835,19.562404,3.63,43.16,43.16,COASTAL DREAM,Fishing
900000006,2020-07-26 18:45:46,-92.000473,19.350122,9.06,359.58,359.58,NORTH WIND,Cargo
900000007,2020-07-26 18:45:46,-92.499857,19.799527,9.96,135.2,135.2,SEA FALCON,Tanker
900000008,2020-07-26 18:45:46,-92.875121,19.59955,13.83,88.76,88.76,WESTERN DAWN,Cargo
900000001,2020-07-26 18:55:46,-92.459714,19.429611,12.33,55.13,55.13,OCEAN STAR,Cargo
900000002,2020-07-26 18:55:46,-92.283751,19.896419,11.04,128.42,128.42,BLUE HORIZON,Tanker
900000003,2020-07-26 18:55:46,-91.72015,19.943833,13.28,39.39,39.39,PACIFIC TRADER,Cargo
900000004,2020-07-26 18:55:46,-92.846412,18.913485,9.7,76.96,76.96,MARINE SPIRIT,Cargo
900000005,2020-07-26 18:55:46,-92.187014,19.562854,4.17,41.79,41.79,COASTAL DREAM,Fishing
900000006,2020-07-26 18:55:46,-92.000282,19.360064,9.27,0.8,0.8,NORTH WIND,Cargo
900000007,2020-07-26 18:55:46,-92.493226,19.793001,9.61,137.65,137.65,SEA FALCON,Tanker
900000008,2020-07-26 18:55:46,-92.866202,19.600319,13.53,88.35,88.35,WESTERN DAWN,Cargo
900000001,2020-07-26 19:05:46,-92.447516,19.437246,11.9,55.96,55.96,OCEAN STAR,Cargo
900000002,2020-07-26 19:05:46,-92.279591,19.893548,11.13,131.1,131.1,BLUE HORIZON,Tanker
900000003,2020-07-26 19:05:46,-91.714728,19.948769,13.1,40.2,40.2,PACIFIC TRADER,Cargo
900000004,2020-07-26 19:05:46,-92.842849,18.913788,9.85,76.29,76.29,MARINE SPIRIT,Cargo
900000005,2020-07-26 19:05:46,-92.185963,19.564095,3.84,43.31,43.31,COASTAL DREAM,Fishing
900000006,2020-07-26 19:05:46,-91.999678,19.37035,9.46,358.42,358.42,NORTH WIND,Cargo
900000007,2020-07-26 19:05:46,-92.486338,19.786802,9.94,137.49,137.49,SEA FALCON,Tanker
900000008,2020-07-26 19:05:46,-92.857868,19.600234,14.31,89.0,89.0,WESTERN DAWN,Cargo
900000001,2020-07-26 19:15:46,-92.435809,19.445557,12.23,53.87,53.87,OCEAN STAR,Cargo
900000002,2020-07-26 19:15:46,-92.274648,19.889768,10.59,131.66,131.66,BLUE HORIZON,Tanker
900000003,2020-07-26 19:15:46,-91.710256,19.955382,13.11,38.65,38.65,PACIFIC TRADER,Cargo
900000004,2020-07-26 19:15:46,-92.840471,18.914879,9.68,76.57,76.57,MARINE SPIRIT,Cargo
900000005,2020-07-26 19:15:46,-92.184702,19.564712,4.38,42.65,42.65,COASTAL DREAM,Fishing
900000006,2020-07-26 19:15:46,-92.000224,19.380201,9.45,358.04,358.04,NORTH WIND,Cargo
900000007,2020-07-26 19:15:46,-92.47978,19.779586,10.26,136.61,136.61,SEA FALCON,Tanker
900000008,2020-07-26 19:15:46,-92.849854,19.600191,14.29,89.88,89.88,WESTERN DAWN,Cargo
900000001,2020-07-26 19:25:46,-92.42417,19.453196,11.81,54.89,54.89,OCEAN STAR,Cargo
900000002,2020-07-26 19:25:46,-92.27086,19.886748,10.93,130.46,130.46,BLUE HORIZON,Tanker
900000003,2020-07-26 19:25:46,-91.705169,19.961079,12.77,39.61,39.61,PACIFIC TRADER,Cargo
900000004,2020-07-26 19:25:46,-92.837046,18.915585,9.62,73.93,73.93,MARINE SPIRIT,Cargo
900000005,2020-07-26 19:25:46,-92.183904,19.565869,3.72,42.03,42.03,COASTAL DREAM,Fishing
900000006,2020-07-26 19:25:46,-91.999775,19.389984,9.02,1.91,1.91,NORTH WIND,Cargo
900000007,2020-07-26 19:25:46,-92.473733,19.773116,9.73,135.44,135.44,SEA FALCON,Tanker
900000008,2020-07-26 19:25:46,-92.842153,19.599679,13.77,90.05,90.05,WESTERN DAWN,Cargo
900000001,2020-07-26 19:35:46,-92.411938,19.462162,11.63,54.92,54.92,OCEAN STAR,Cargo
900000002,2020-07-26 19:35:46,-92.266676,19.883702,11.07,131.83,131.83,BLUE HORIZON,Tanker
900000003,2020-07-26 19:35:46,-91.70006,19.966636,12.55,37.53,37.53,PACIFIC TRADER,Cargo
900000004,2020-07-26 19:35:46,-92.833356,18.917108,9.9,76.45,76.45,MARINE SPIRIT,Cargo
900000005,2020-07-26 19:35:46,-92.183204,19.566241,3.65,41.5,41.5,COASTAL DREAM,Fishing
900000006,2020-07-26 19:35:46,-92.000196,19.400063,8.62,1.98,1.98,NORTH WIND,Cargo
900000007,2020-07-26 19:35:46,-92.46656,19.766931,9.73,137.82,137.82,SEA FALCON,Tanker
900000008,2020-07-26 19:35:46,-92.833383,19.600023,14.36,89.69,89.69,WESTERN DAWN,Cargo
900000001,2020-07-26 19:45:46,-92.400286,19.470262,12.11,54.61,54.61,OCEAN STAR,Cargo
900000002,2020-07-26 19:45:46,-92.262052,19.88024,10.71,129.17,129.17,BLUE HORIZON,Tanker
900000003,2020-07-26 19:45:46,-91.695343,19.97266,12.58,37.49,37.49,PACIFIC TRADER,Cargo
900000004,2020-07-26 19:45:46,-92.830049,18.917003,9.79,75.54,75.54,MARINE SPIRIT,Cargo
900000005,2020-07-26 19:45:46,-92.182293,19.567231,3.95,44.1,44.1,COASTAL DREAM,Fishing
900000006,2020-07-26 19:45:46,-91.999576,19.410187,9.13,1.15,1.15,NORTH WIND,Cargo
900000007,2020-07-26 19:45:46,-92.459566,19.760161,10.04,136.36,136.36,SEA FALCON,Tanker
900000008,2020-07-26 19:45:46,-92.824592,19.600148,13.57,91.22,91.22,WESTERN DAWN,Cargo
900000001,2020-07-26 19:55:46,-92.388383,19.477522,12.07,55.12,55.12,OCEAN STAR,Cargo
900000002,2020-07-26 19:55:46,-92.258709,19.876455,11.2,131.09,131.09,BLUE HORIZON,Tanker
900000003,2020-07-26 19:55:46,-91.69,19.978776,12.58,38.77,38.77,PACIFIC TRADER,Cargo
900000004,2020-07-26 19:55:46,-92.826735,18.917873,9.75,74.45,74.45,MARINE SPIRIT,Cargo
900000005,2020-07-26 19:55:46,-92.181205,19.567925,4.08,44.63,44.63,COASTAL DREAM,Fishing
900000006,2020-07-26 19:55:46,-91.9995,19.420451,8.77,0.69,0.69,NORTH WIND,Cargo
900000007,2020-07-26 19:55:46,-92.453077,19.752874,10.15,136.54,136.54,SEA FALCON,Tanker
900000008,2020-07-26 19:55:46,-92.816985,19.600416,14.13,90.26,90.26,WESTERN DAWN,Cargo
900000001,2020-07-26 20:05:46,-92.376699,19.485932,11.83,53.52,53.52,OCEAN STAR,Cargo
900000002,2020-07-26 20:05:46,-92.253809,19.873503,11.19,129.66,129.66,BLUE HORIZON,Tanker
900000003,2020-07-26 20:05:46,-91.684555,19.983955,13.05,40.05,40.05,PACIFIC TRADER,Cargo
900000004,2020-07-26 20:05:46,-92.823519,18.919121,10.47,74.46,74.46,MARINE SPIRIT,Cargo
900000005,2020-07-26 20:05:46,-92.180819,19.569071,4.16,45.24,45.24,COASTAL DREAM,Fishing
900000006,2020-07-26 20:05:46,-92.000087,19.430043,8.86,358.75,358.75,NORTH WIND,Cargo
900000007,2020-07-26 20:05:46,-92.446541,19.746923,9.7,137.7,137.7,SEA FALCON,Tanker
900000008,2020-07-26 20:05:46,-92.807906,19.600049,14.2,89.67,89.67,WESTERN DAWN,Cargo
900000001,2020-07-26 20:15:46,-92.363917,19.493646,11.74,54.56,54.56,OCEAN STAR,Cargo
900000002,2020-07-26 20:15:46,-92.249949,19.869658,10.59,130.55,130.55,BLUE HORIZON,Tanker
900000003,2020-07-26 20:15:46,-91.679587,19.990492,12.62,38.64,38.64,PACIFIC TRADER,Cargo
900000004,2020-07-26 20:15:46,-92.820002,18.920332,10.01,76.03,76.03,MARINE SPIRIT,Cargo
900000005,2020-07-26 20:15:46,-92.179665,19.569773,3.74,45.21,45.21,COASTAL DREAM,Fishing
900000006,2020-07-26 20:15:46,-92.000116,19.440051,9.01,1.69,1.69,NORTH WIND,Cargo
900000007,2020-07-26 20:15:46,-92.439636,19.740379,10.29,135.76,135.76,SEA FALCON,Tanker
900000008,2020-07-26 20:15:46,-92.799566,19.599915,14.32,89.95,89.95,WESTERN DAWN,Cargo
900000001,2020-07-26 20:25:46,-92.352691,19.501892,12.5,54.47,54.47,OCEAN STAR,Cargo
900000002,2020-07-26 20:25:46,-92.246185,19.866656,10.85,130.49,130.49,BLUE HORIZON,Tanker
900000003,2020-07-26 20:25:46,-91.674957,19.995885,12.82,38.62,38.62,PACIFIC TRADER,Cargo
900000004,2020-07-26 20:25:46,-92.816469,18.920522,9.73,75.45,75.45,MARINE SPIRIT,Cargo
900000005,2020-07-26 20:25:46,-92.179623,19.571109,4.21,44.27,44.27,COASTAL DREAM,Fishing
900000006,2020-07-26 20:25:46,-92.000114,19.450311,9.32,0.65,0.65,NORTH WIND,Cargo
900000007,2020-07-26 20:25:46,-92.433338,19.733814,10.0,134.81,134.81,SEA FALCON,Tanker
900000008,2020-07-26 20:25:46,-92.791297,19.60009,13.94,91.41,91.41,WESTERN DAWN,Cargo
900000001,2020-07-26 20:35:46,-92.340632,19.51022,11.91,55.02,55.02,OCEAN STAR,Cargo
900000002,2020-07-26 20:35:46,-92.242012,19.863488,11.47,130.22,130.22,BLUE HORIZON,Tanker
900000003,2020-07-26 20:35:46,-91.669807,20.001505,13.35,39.39,39.39,PACIFIC TRADER,Cargo
900000004,2020-07-26 20:35:46,-92.812974,18.922019,9.82,74.68,74.68,MARINE SPIRIT,Cargo
900000005,2020-07-26 20:35:46,-92.178074,19.571885,3.54,44.78,44.78,COASTAL DREAM,Fishing
900000006,2020-07-26 20:35:46,-91.999869,19.459568,9.5,1.68,1.68,NORTH WIND,Cargo
900000007,2020-07-26 20:35:46,-92.426733,19.726913,10.13,135.05,135.05,SEA FALCON,Tanker
900000008,2020-07-26 20:35:46,-92.78339,19.600373,14.4,90.69,90.69,WESTERN DAWN,Cargo
900000001,2020-07-26 20:45:46,-92.328393,19.517824,11.87,53.3,53.3,OCEAN STAR,Cargo
900000002,2020-07-26 20:45:46,-92.237469,19.859646,11.29,130.6,130.6,BLUE HORIZON,Tanker
900000003,2020-07-26 20:45:46,-91.665421,20.00717,13.12,40.28,40.28,PACIFIC TRADER,Cargo
900000004,2020-07-26 20:45:46,-92.809587,18.922241,9.96,73.74,73.74,MARINE SPIRIT,Cargo
900000005,2020-07-26 20:45:46,-92.177745,19.572254,4.3,41.32,41.32,COASTAL DREAM,Fishing
900000006,2020-07-26 20:45:46,-91.999822,19.470401,8.94,358.63,358.63,NORTH WIND,Cargo
900000007,2020-07-26 20:45:46,-92.419912,19.719846,9.92,137.21,137.21,SEA FALCON,Tanker
900000008,2020-07-26 20:45:46,-92.774655,19.59975,13.88,88.71,88.71,WESTERN DAWN,Cargo
900000001,2020-07-26 20:55:46,-92.317051,19.526346,12.07,54.41,54.41,OCEAN STAR,Cargo
900000002,2020-07-26 20:55:46,-92.233538,19.857159,11.16,132.25,132.25,BLUE HORIZON,Tanker
900000003,2020-07-26 20:55:46,-91.659934,20.013108,13.24,39.54,39.54,PACIFIC TRADER,Cargo
900000004,2020-07-26 20:55:46,-92.80656,18.922882,10.4,75.15,75.15,MARINE SPIRIT,Cargo
900000005,2020-07-26 20:55:46,-92.176368,19.57312,3.85,43.72,43.72,COASTAL DREAM,Fishing
900000006,2020-07-26 20:55:46,-91.999879,19.480137,9.22,0.71,0.71,NORTH WIND,Cargo
900000007,2020-07-26 20:55:46,-92.412995,19.713493,10.4,137.17,137.17,SEA FALCON,Tanker
900000008,2020-07-26 20:55:46,-92.766858,19.600146,14.08,89.68,89.68,WESTERN DAWN,Cargo
900000001,2020-07-26 21:05:46,-92.305298,19.534679,12.25,53.31,53.31,OCEAN STAR,Cargo
900000002,2020-07-26 21:05:46,-92.229535,19.853009,11.47,130.5,130.5,BLUE HORIZON,Tanker
900000003,2020-07-26 21:05:46,-91.654587,20.019198,12.76,40.12,40.12,PACIFIC TRADER,Cargo
900000004,2020-07-26 21:05:46,-92.803351,18.924491,10.25,76.39,76.39,MARINE SPIRIT,Cargo
900000005,2020-07-26 21:05:46,-92.176218,19.574005,3.64,45.14,45.14,COASTAL DREAM,Fishing
900000006,2020-07-26 21:05:46,-91.99964,19.490467,9.48,0.9,0.9,NORTH WIND,Cargo
900000007,2020-07-26 21:05:46,-92.406362,19.707134,10.29,136.12,136.12,SEA FALCON,Tanker
900000008,2020-07-26 21:05:46,-92.758297,19.599514,14.17,89.74,89.74,WESTERN DAWN,Cargo
900000001,2020-07-26 21:15:46,-92.292903,19.542704,12.44,55.42,55.42,OCEAN STAR,Cargo
900000002,2020-07-26 21:15:46,-92.225266,19.849608,11.38,128.44,128.44,BLUE HORIZON,Tanker
900000003,2020-07-26 21:15:46,-91.649585,20.025061,12.56,37.68,37.68,PACIFIC TRADER,Cargo
900000004,2020-07-26 21:15:46,-92.799591,18.925324,9.91,74.37,74.37,MARINE SPIRIT,Cargo
900000005,2020-07-26 21:15:46,-92.174554,19.57464,3.99,42.5,42.5,COASTAL DREAM,Fishing
900000006,2020-07-26 21:15:46,-91.999613,19.499597,8.95,358.54,358.54,NORTH WIND,Cargo
900000007,2020-07-26 21:15:46,-92.399757,19.70017,9.92,138.44,138.44,SEA FALCON,Tanker
900000008,2020-07-26 21:15:46,-92.750345,19.600242,13.6,89.58,89.58,WESTERN DAWN,Cargo
900000001,2020-07-26 21:25:46,-92.281179,19.550605,11.53,55.93,55.93,OCEAN STAR,Cargo
900000002,2020-07-26 21:25:46,-92.22089,19.846537,11.36,132.14,132.14,BLUE HORIZON,Tanker
900000003,2020-07-26 21:25:46,-91.644814,20.030433,13.48,38.97,38.97,PACIFIC TRADER,Cargo
900000004,2020-07-26 21:25:46,-92.796769,18.925692,9.62,73.92,73.92,MARINE SPIRIT,Cargo
900000005,2020-07-26 21:25:46,-92.174212,19.576181,4.14,43.94,43.94,COASTAL DREAM,Fishing
900000006,2020-07-26 21:25:46,-92.000479,19.510097,8.74,1.15,1.15,NORTH WIND,Cargo
900000007,2020-07-26 21:25:46,-92.393269,19.692959,10.27,134.93,134.93,SEA FALCON,Tanker
900000008,2020-07-26 21:25:46,-92.741951,19.599707,13.83,91.39,91.39,WESTERN DAWN,Cargo
900000001,2020-07-26 21:35:46,-92.268786,19.558348,12.36,52.14,52.14,OCEAN STAR,Cargo
900000002,2020-07-26 21:35:46,-92.217037,19.842978,10.67,129.34,129.34,BLUE HORIZON,Tanker
900000003,2020-07-26 21:35:46,-91.640474,20.036828,13.29,36.85,36.85,PACIFIC TRADER,Cargo
900000004,2020-07-26 21:35:46,-92.79351,18.926405,9.55,73.86,73.86,MARINE SPIRIT,Cargo
900000005,2020-07-26 21:35:46,-92.173307,19.576908,3.98,44.27,44.27,COASTAL DREAM,Fishing
900000006,2020-07-26 21:35:46,-91.999987,19.520278,9.0,358.44,358.44,NORTH WIND,Cargo
900000007,2020-07-26 21:35:46,-92.387123,19.687112,10.37,137.79,137.79,SEA FALCON,Tanker
900000008,2020-07-26 21:35:46,-92.733375,19.600021,13.56,91.77,91.77,WESTERN DAWN,Cargo
900000001,2020-07-26 21:45:46,-92.257385,19.566763,11.99,54.87,54.87,OCEAN STAR,Cargo
900000002,2020-07-26 21:45:46,-92.212927,19.84041,11.11,128.66,128.66,BLUE HORIZON,Tanker
900000003,2020-07-26 21:45:46,-91.635225,20.042066,13.05,39.33,39.33,PACIFIC TRADER,Cargo
900000004,2020-07-26 21:45:46,-92.789505,18.927325,9.95,75.29,75.29,MARINE SPIRIT,Cargo
900000005,2020-07-26 21:45:46,-92.172901,19.577605,4.35,44.09,44.09,COASTAL DREAM,Fishing
900000006,2020-07-26 21:45:46,-91.999731,19.530151,8.72,0.88,0.88,NORTH WIND,Cargo
900000007,2020-07-26 21:45:46,-92.380272,19.679952,9.95,136.01,136.01,SEA FALCON,Tanker
900000008,2020-07-26 21:45:46,-92.725405,19.599916,14.17,89.62,89.62,WESTERN DAWN,Cargo
900000001,2020-07-26 21:55:46,-92.245733,19.574743,11.57,55.82,55.82,OCEAN STAR,Cargo
900000002,2020-07-26 21:55:46,-92.20874,19.836998,11.24,128.73,128.73,BLUE HORIZON,Tanker
900000003,2020-07-26 21:55:46,-91.629944,20.048645,13.06,39.14,39.14,PACIFIC TRADER,Cargo
900000004,2020-07-26 21:55:46,-92.787044,18.928163,10.17,74.58,74.58,MARINE SPIRIT,Cargo
900000005,2020-07-26 21:55:46,-92.171299,19.578584,4.47,44.17,44.17,COASTAL DREAM,Fishing
900000006,2020-07-26 21:55:46,-92.000148,19.5401,8.71,0.31,0.31,NORTH WIND,Cargo
900000007,2020-07-26 21:55:46,-92.373609,19.67349,10.35,135.09,135.09,SEA FALCON,Tanker
900000008,2020-07-26 21:55:46,-92.716404,19.599868,14.31,90.21,90.21,WESTERN DAWN,Cargo
900000001,2020-07-26 22:05:46,-92.233011,19.583298,12.11,55.4,55.4,OCEAN STAR,Cargo
900000002,2020-07-26 22:05:46,-92.20464,19.833476,11.33,132.06,132.06,BLUE HORIZON,Tanker
900000003,2020-07-26 22:05:46,-91.62532,20.053934,12.81,39.6,39.6,PACIFIC TRADER,Cargo
900000004,2020-07-26 22:05:46,-92.783827,18.929006,10.07,76.64,76.64,MARINE SPIRIT,Cargo
900000005,2020-07-26 22:05:46,-92.171191,19.579067,3.53,43.82,43.82,COASTAL DREAM,Fishing
900000006,2020-07-26 22:05:46,-92.000285,19.550246,8.84,359.68,359.68,NORTH WIND,Cargo
900000007,2020-07-26 22:05:46,-92.366445,19.666537,10.07,137.77,137.77,SEA FALCON,Tanker
900000008,2020-07-26 22:05:46,-92.708781,19.599585,14.12,88.55,88.55,WESTERN DAWN,Cargo
900000001,2020-07-26 22:15:46,-92.221813,19.591211,11.99,54.77,54.77,OCEAN STAR,Cargo
900000002,2020-07-26 22:15:46,-92.200227,19.829942,10.61,131.36,131.36,BLUE HORIZON,Tanker
900000003,2020-07-26 22:15:46,-91.620217,20.05993,12.99,39.51,39.51,PACIFIC TRADER,Cargo
900000004,2020-07-26 22:15:46,-92.780455,18.930167,10.1,74.74,74.74,MARINE SPIRIT,Cargo
900000005,2020-07-26 22:15:46,-92.170199,19.579508,3.64,42.13,42.13,COASTAL DREAM,Fishing
900000006,2020-07-26 22:15:46,-92.000172,19.559756,9.25,358.03,358.03,NORTH WIND,Cargo
900000007,2020-07-26 22:15:46,-92.36012,19.659676,10.0,137.47,137.47,SEA FALCON,Tanker
900000008,2020-07-26 22:15:46,-92.699694,19.600333,14.36,88.2,88.2,WESTERN DAWN,Cargo
900000001,2020-07-26 22:25:46,-92.210166,19.598664,12.36,55.81,55.81,OCEAN STAR,Cargo
900000002,2020-07-26 22:25:46,-92.19576,19.826742,10.92,131.18,131.18,BLUE HORIZON,Tanker
900000003,2020-07-26 22:25:46,-91.615479,20.065449,13.3,38.09,38.09,PACIFIC TRADER,Cargo
900000004,2020-07-26 22:25:46,-92.776335,18.930951,9.59,76.84,76.84,MARINE SPIRIT,Cargo
900000005,2020-07-26 22:25:46,-92.169423,19.581178,4.02,43.64,43.64,COASTAL DREAM,Fishing
900000006,2020-07-26 22:25:46,-92.00019,19.569896,8.83,359.36,359.36,NORTH WIND,Cargo
900000007,2020-07-26 22:25:46,-92.353323,19.653001,10.01,135.12,135.12,SEA FALCON,Tanker
900000008,2020-07-26 22:25:46,-92.691817,19.600406,14.32,90.83,90.83,WESTERN DAWN,Cargo
900000001,2020-07-26 22:35:46,-92.198048,19.607521,11.7,52.71,52.71,OCEAN STAR,Cargo
900000002,2020-07-26 22:35:46,-92.191406,19.823436,10.68,130.96,130.96,BLUE HORIZON,Tanker
900000003,2020-07-26 22:35:46,-91.610006,20.07194,13.26,39.81,39.81,PACIFIC TRADER,Cargo
900000004,2020-07-26 22:35:46,-92.772909,18.931616,10.14,75.42,75.42,MARINE SPIRIT,Cargo
900000005,2020-07-26 22:35:46,-92.167969,19.581791,3.65,43.8,43.8,COASTAL DREAM,Fishing
900000006,2020-07-26 22:35:46,-92.000058,19.579568,8.77,359.21,359.21,NORTH WIND,Cargo
900000007,2020-07-26 22:35:46,-92.346659,19.646223,9.95,135.9,135.9,SEA FALCON,Tanker
900000008,2020-07-26 22:35:46,-92.683002,19.599557,14.36,88.22,88.22,WESTERN DAWN,Cargo
900000001,2020-07-26 22:45:46,-92.185769,19.615646,11.96,54.15,54.15,OCEAN STAR,Cargo
900000002,2020-07-26 22:45:46,-92.187208,19.820054,10.95,131.92,131.92,BLUE HORIZON,Tanker
900000003,2020-07-26 22:45:46,-91.604848,20.07781,12.98,38.08,38.08,PACIFIC TRADER,Cargo
900000004,2020-07-26 22:45:46,-92.770438,18.932151,10.4,73.58,73.58,MARINE SPIRIT,Cargo
900000005,2020-07-26 22:45:46,-92.167286,19.582343,3.67,43.31,43.31,COASTAL DREAM,Fishing
900000006,2020-07-26 22:45:46,-92.000062,19.589748,9.02,359.76,359.76,NORTH WIND,Cargo
900000007,2020-07-26 22:45:46,-92.340127,19.639659,9.91,135.79,135.79,SEA FALCON,Tanker
900000008,2020-07-26 22:45:46,-92.674902,19.599838,14.15,91.07,91.07,WESTERN DAWN,Cargo
900000001,2020-07-26 22:55:46,-92.174389,19.622941,11.78,54.84,54.84,OCEAN STAR,Cargo
900000002,2020-07-26 22:55:46,-92.183177,19.81689,11.37,131.97,131.97,BLUE HORIZON,Tanker
900000003,2020-07-26 22:55:46,-91.599917,20.083167,12.85,37.36,37.36,PACIFIC TRADER,Cargo
900000004,2020-07-26 22:55:46,-92.766468,18.933801,10.1,74.73,74.73,MARINE SPIRIT,Cargo
900000005,2020-07-26 22:55:46,-92.166857,19.583771,4.29,42.79,42.79,COASTAL DREAM,Fishing
900000006,2020-07-26 22:55:46,-91.99983,19.600313,9.24,1.32,1.32,NORTH WIND,Cargo
900000007,2020-07-26 22:55:46,-92.333307,19.633519,9.92,137.24,137.24,SEA FALCON,Tanker
900000008,2020-07-26 22:55:46,-92.666804,19.599862,13.71,88.64,88.64,WESTERN DAWN,Cargo
900000001,2020-07-26 23:05:46,-92.162097,19.631907,11.64,53.03,53.03,OCEAN STAR,Cargo
900000002,2020-07-26 23:05:46,-92.178822,19.81291,11.27,128.74,128.74,BLUE HORIZON,Tanker
900000003,2020-07-26 23:05:46,-91.594616,20.089502,12.84,36.95,36.95,PACIFIC TRADER,Cargo
900000004,2020-07-26 23:05:46,-92.763702,18.934433,9.66,74.67,74.67,MARINE SPIRIT,Cargo
900000005,2020-07-26 23:05:46,-92.165562,19.584498,3.67,44.52,44.52,COASTAL DREAM,Fishing
900000006,2020-07-26 23:05:46,-92.000089,19.609938,8.74,0.71,0.71,NORTH WIND,Cargo
900000007,2020-07-26 23:05:46,-92.326882,19.626611,9.95,137.65,137.65,SEA FALCON,Tanker
900000008,2020-07-26 23:05:46,-92.658524,19.600034,13.97,91.15,91.15,WESTERN DAWN,Cargo
900000001,2020-07-26 23:15:46,-92.150315,19.639879,12.48,55.92,55.92,OCEAN STAR,Cargo
900000002,2020-07-26 23:15:46,-92.175218,19.809962,11.03,129.87,129.87,BLUE HORIZON,Tanker
900000003,2020-07-26 23:15:46,-91.589683,20.095466,12.64,40.0,40.0,PACIFIC TRADER,Cargo
900000004,2020-07-26 23:15:46,-92.759859,18.93475,10.05,76.66,76.66,MARINE SPIRIT,Cargo
900000005,2020-07-26 23:15:46,-92.164654,19.584603,3.79,44.69,44.69,COASTAL DREAM,Fishing
900000006,2020-07-26 23:15:46,-92.000227,19.620263,8.65,1.62,1.62,NORTH WIND,Cargo
900000007,2020-07-26 23:15:46,-92.319554,19.619937,9.95,135.55,135.55,SEA FALCON,Tanker
900000008,2020-07-26 23:15:46,-92.650473,19.59985,14.0,88.13,88.13,WESTERN DAWN,Cargo
900000001,2020-07-26 23:25:46,-92.137788,19.647364,11.53,53.63,53.63,OCEAN STAR,Cargo
900000002,2020-07-26 23:25:46,-92.170494,19.807097,11.29,130.94,130.94,BLUE HORIZON,Tanker
900000003,2020-07-26 23:25:46,-91.585213,20.100471,13.2,40.11,40.11,PACIFIC TRADER,Cargo
900000004,2020-07-26 23:25:46,-92.756461,18.935472,9.51,74.96,74.96,MARINE SPIRIT,Cargo
900000005,2020-07-26 23:25:46,-92.164411,19.585413,4.05,44.63,44.63,COASTAL DREAM,Fishing
900000006,2020-07-26 23:25:46,-91.999972,19.630227,8.79,358.44,358.44,NORTH WIND,Cargo
900000007,2020-07-26 23:25:46,-92.313786,19.613134,10.29,136.34,136.34,SEA FALCON,Tanker
900000008,2020-07-26 23:25:46,-92.642056,19.599957,14.1,91.54,91.54,WESTERN DAWN,Cargo
900000001,2020-07-26 23:35:46,-92.126366,19.655229,11.64,53.09,53.09,OCEAN STAR,Cargo
900000002,2020-07-26 23:35:46,-92.166552,19.803263,10.92,129.3,129.3,BLUE HORIZON,Tanker
900000003,2020-07-26 23:35:46,-91.580414,20.106831,12.57,40.69,40.69,PACIFIC TRADER,Cargo
900000004,2020-07-26 23:35:46,-92.753326,18.936693,10.05,77.12,77.12,MARINE SPIRIT,Cargo
900000005,2020-07-26 23:35:46,-92.163363,19.586557,4.48,43.83,43.83,COASTAL DREAM,Fishing
900000007,2020-07-26 23:35:46,-92.30715,19.60642,9.84,137.81,137.81,SEA FALCON,Tanker
900000008,2020-07-26 23:35:46,-92.633205,19.600233,14.24,91.0,91.0,WESTERN DAWN,Cargo
900000001,2020-07-26 23:45:46,-92.114937,19.663629,12.31,54.31,54.31,OCEAN STAR,Cargo
900000002,2020-07-26 23:45:46,-92.162221,19.799675,11.2,130.2,130.2,BLUE HORIZON,Tanker
900000003,2020-07-26 23:45:46,-91.574689,20.112632,13.28,37.05,37.05,PACIFIC TRADER,Cargo
900000004,2020-07-26 23:45:46,-92.750207,18.937458,9.7,73.34,73.34,MARINE SPIRIT,Cargo
900000005,2020-07-26 23:45:46,-92.162067,19.587042,4.49,43.35,43.35,COASTAL DREAM,Fishing
900000007,2020-07-26 23:45:46,-92.300247,19.600043,9.69,137.67,137.67,SEA FALCON,Tanker
900000008,2020-07-26 23:45:46,-92.624719,19.599857,13.83,91.38,91.38,WESTERN DAWN,Cargo
900000001,2020-07-26 23:55:46,-92.102713,19.671506,12.24,55.68,55.68,OCEAN STAR,Cargo
900000002,2020-07-26 23:55:46,-92.158447,19.797061,11.0,132.23,132.23,BLUE HORIZON,Tanker
900000003,2020-07-26 23:55:46,-91.569576,20.118331,13.3,38.87,38.87,PACIFIC TRADER,Cargo
900000004,2020-07-26 23:55:46,-92.747088,18.93856,10.32,75.57,75.57,MARINE SPIRIT,Cargo
900000005,2020-07-26 23:55:46,-92.161845,19.588379,4.16,41.61,41.61,COASTAL DREAM,Fishing
900000007,2020-07-26 23:55:46,-92.293231,19.59314,10.19,136.36,136.36,SEA FALCON,Tanker
900000008,2020-07-26 23:55:46,-92.617124,19.599852,13.85,91.4,91.4,WESTERN DAWN,Cargo
900000001,2020-07-27 00:05:46,-92.090906,19.680464,12.45,56.05,56.05,OCEAN STAR,Cargo
900000002,2020-07-27 00:05:46,-92.154029,19.792908,11.3,129.79,129.79,BLUE HORIZON,Tanker
900000003,2020-07-27 00:05:46,-91.564547,20.124346,13.11,37.37,37.37,PACIFIC TRADER,Cargo
900000004,2020-07-27 00:05:46,-92.743799,18.939448,10.28,73.43,73.43,MARINE SPIRIT,Cargo
900000005,2020-07-27 00:05:46,-92.16095,19.589033,4.11,43.56,43.56,COASTAL DREAM,Fishing
900000007,2020-07-27 00:05:46,-92.286218,19.586846,10.26,136.15,136.15,SEA FALCON,Tanker
900000008,2020-07-27 00:05:46,-92.608304,19.600074,14.15,89.51,89.51,WESTERN DAWN,Cargo
900000001,2020-07-27 00:15:46,-92.079167,19.6878,12.0,55.07,55.07,OCEAN STAR,Cargo
900000002,2020-07-27 00:15:46,-92.149938,19.789887,10.76,129.39,129.39,BLUE HORIZON,Tanker
900000003,2020-07-27 00:15:46,-91.559504,20.129946,13.42,37.94,37.94,PACIFIC TRADER,Cargo
900000004,2020-07-27 00:15:46,-92.740377,18.939991,9.95,76.57,76.57,MARINE SPIRIT,Cargo
900000005,2020-07-27 00:15:46,-92.160055,19.590399,4.18,41.64,41.64,COASTAL DREAM,Fishing
900000007,2020-07-27 00:15:46,-92.28018,19.580346,9.56,136.05,136.05,SEA FALCON,Tanker
900000008,2020-07-27 00:15:46,-92.599609,19.600042,14.21,91.32,91.32,WESTERN DAWN,Cargo
900000001,2020-07-27 00:25:46,-92.049955,19.70801,12.01,55.3,55.3,OCEAN STAR,Cargo
900000002,2020-07-27 00:25:46,-92.146132,19.786288,11.29,128.9,128.9,BLUE HORIZON,Tanker
900000003,2020-07-27 00:25:46,-91.554946,20.13536,13.3,38.27,38.27,PACIFIC TRADER,Cargo
900000004,2020-07-27 00:25:46,-92.736555,18.940885,9.81,73.51,73.51,MARINE SPIRIT,Cargo
900000005,2020-07-27 00:25:46,-92.158948,19.591333,4.27,43.39,43.39,COASTAL DREAM,Fishing
900000007,2020-07-27 00:25:46,-92.27376,19.573657,10.14,138.55,138.55,SEA FALCON,Tanker
900000008,2020-07-27 00:25:46,-92.591487,19.59995,14.38,89.29,89.29,WESTERN DAWN,Cargo
900000001,2020-07-27 00:35:46,-92.021265,19.727397,12.47,52.85,52.85,OCEAN STAR,Cargo
900000002,2020-07-27 00:35:46,-92.141256,19.783266,10.62,128.56,128.56,BLUE HORIZON,Tanker
900000003,2020-07-27 00:35:46,-91.550335,20.14132,13.21,38.08,38.08,PACIFIC TRADER,Cargo
900000004,2020-07-27 00:35:46,-92.732892,18.941513,10.35,76.74,76.74,MARINE SPIRIT,Cargo
900000005,2020-07-27 00:35:46,-92.158198,19.591417,3.63,43.49,43.49,COASTAL DREAM,Fishing
900000007,2020-07-27 00:35:46,-92.266633,19.566469,9.67,136.67,136.67,SEA FALCON,Tanker
900000008,2020-07-27 00:35:46,-92.583679,19.600442,14.22,90.55,90.55,WESTERN DAWN,Cargo
900000001,2020-07-27 00:45:46,-91.992375,19.746755,12.33,54.38,54.38,OCEAN STAR,Cargo
900000002,2020-07-27 00:45:46,-92.137955,19.779528,11.08,130.91,130.91,BLUE HORIZON,Tanker
900000003,2020-07-27 00:45:46,-91.544733,20.147651,13.14,38.46,38.46,PACIFIC TRADER,Cargo
900000004,2020-07-27 00:45:46,-92.729873,18.942498,10.46,74.32,74.32,MARINE SPIRIT,Cargo
900000005,2020-07-27 00:45:46,-92.157195,19.592483,3.8,44.03,44.03,COASTAL DREAM,Fishing
900000007,2020-07-27 00:45:46,-92.26044,19.559573,9.98,136.42,136.42,SEA FALCON,Tanker
900000008,2020-07-27 00:45:46,-92.574893,19.599704,14.22,89.17,89.17,WESTERN DAWN,Cargo
900000001,2020-07-27 00:55:46,-91.963669,19.766417,11.63,56.03,56.03,OCEAN STAR,Cargo
900000002,2020-07-27 00:55:46,-92.133272,19.776537,10.97,129.62,129.62,BLUE HORIZON,Tanker
900000003,2020-07-27 00:55:46,-91.540252,20.153101,12.79,37.18,37.18,PACIFIC TRADER,Cargo
900000004,2020-07-27 00:55:46,-92.726551,18.943217,10.37,74.16,74.16,MARINE SPIRIT,Cargo
900000005,2020-07-27 00:55:46,-92.156839,19.592993,3.81,43.6,43.6,COASTAL DREAM,Fishing
900000007,2020-07-27 00:55:46,-92.253335,19.553596,10.0,136.72,136.72,SEA FALCON,Tanker
900000008,2020-07-27 00:55:46,-92.567143,19.599809,14.01,91.7,91.7,WESTERN DAWN,Cargo
900000001,2020-07-27 01:05:46,-91.935627,19.786182,11.55,53.54,53.54,OCEAN STAR,Cargo
900000002,2020-07-27 01:05:46,-92.128784,19.773328,10.97,130.96,130.96,BLUE HORIZON,Tanker
900000003,2020-07-27 01:05:46,-91.534653,20.159203,13.38,38.52,38.52,PACIFIC TRADER,Cargo
900000004,2020-07-27 01:05:46,-92.723069,18.944394,9.9,74.63,74.63,MARINE SPIRIT,Cargo
900000005,2020-07-27 01:05:46,-92.156139,19.594237,3.57,43.5,43.5,COASTAL DREAM,Fishing
900000006,2020-07-27 01:05:46,-91.999736,19.730004,9.49,359.12,359.12,NORTH WIND,Cargo
900000007,2020-07-27 01:05:46,-92.247048,19.546847,9.89,138.56,138.56,SEA FALCON,Tanker
900000008,2020-07-27 01:05:46,-92.558494,19.600295,14.25,91.67,91.67,WESTERN DAWN,Cargo
900000001,2020-07-27 01:15:46,-91.906646,19.804948,11.55,54.13,54.13,OCEAN STAR,Cargo
900000002,2020-07-27 01:15:46,-92.125167,19.769637,10.96,130.23,130.23,BLUE HORIZON,Tanker
900000003,2020-07-27 01:15:46,-91.529984,20.165106,13.11,38.11,38.11,PACIFIC TRADER,Cargo
900000004,2020-07-27 01:15:46,-92.719509,18.944663,9.8,76.12,76.12,MARINE SPIRIT,Cargo
900000005,2020-07-27 01:15:46,-92.154672,19.594836,4.21,43.42,43.42,COASTAL DREAM,Fishing
900000006,2020-07-27 01:15:46,-91.999684,19.7398,9.17,359.47,359.47,NORTH WIND,Cargo
900000007,2020-07-27 01:15:46,-92.239916,19.54048,10.23,137.85,137.85,SEA FALCON,Tanker
900000008,2020-07-27 01:15:46,-92.550473,19.600188,14.47,89.81,89.81,WESTERN DAWN,Cargo
900000001,2020-07-27 01:25:46,-91.877691,19.825065,12.22,54.44,54.44,OCEAN STAR,Cargo
900000002,2020-07-27 01:25:46,-92.121163,19.76675,11.12,130.86,130.86,BLUE HORIZON,Tanker
900000003,2020-07-27 01:25:46,-91.525352,20.171175,12.53,39.52,39.52,PACIFIC TRADER,Cargo
900000004,2020-07-27 01:25:46,-92.717057,18.946282,9.81,73.24,73.24,MARINE SPIRIT,Cargo
900000005,2020-07-27 01:25:46,-92.153976,19.595485,4.27,42.93,42.93,COASTAL DREAM,Fishing
900000006,2020-07-27 01:25:46,-91.999627,19.750421,8.56,0.94,0.94,NORTH WIND,Cargo
900000007,2020-07-27 01:25:46,-92.233626,19.532971,10.16,135.96,135.96,SEA FALCON,Tanker
900000008,2020-07-27 01:25:46,-92.541853,19.600025,14.41,88.61,88.61,WESTERN DAWN,Cargo
900000001,2020-07-27 01:35:46,-91.849425,19.844158,12.22,55.21,55.21,OCEAN STAR,Cargo
900000002,2020-07-27 01:35:46,-92.116473,19.763477,10.69,130.78,130.78,BLUE HORIZON,Tanker
900000003,2020-07-27 01:35:46,-91.519942,20.176413,13.47,37.69,37.69,PACIFIC TRADER,Cargo
900000004,2020-07-27 01:35:46,-92.713544,18.946464,10.2,73.99,73.99,MARINE SPIRIT,Cargo
900000005,2020-07-27 01:35:46,-92.153485,19.596484,4.3,45.02,45.02,COASTAL DREAM,Fishing
900000006,2020-07-27 01:35:46,-92.000378,19.759773,8.88,0.71,0.71,NORTH WIND,Cargo
900000007,2020-07-27 01:35:46,-92.226348,19.527147,10.3,138.48,138.48,SEA FALCON,Tanker
900000008,2020-07-27 01:35:46,-92.533546,19.59979,13.85,90.77,90.77,WESTERN DAWN,Cargo
900000001,2020-07-27 01:45:46,-91.820836,19.863791,11.7,54.04,54.04,OCEAN STAR,Cargo
900000002,2020-07-27 01:45:46,-92.112067,19.760039,10.64,131.12,131.12,BLUE HORIZON,Tanker
900000003,2020-07-27 01:45:46,-91.514913,20.182616,13.17,37.76,37.76,PACIFIC TRADER,Cargo
900000004,2020-07-27 01:45:46,-92.709862,18.947531,9.91,73.37,73.37,MARINE SPIRIT,Cargo
900000005,2020-07-27 01:45:46,-92.152899,19.597717,3.51,44.37,44.37,COASTAL DREAM,Fishing
900000006,2020-07-27 01:45:46,-91.999571,19.77005,9.44,359.63,359.63,NORTH WIND,Cargo
900000007,2020-07-27 01:45:46,-92.220023,19.520378,10.46,135.46,135.46,SEA FALCON,Tanker
900000008,2020-07-27 01:45:46,-92.524854,19.599821,13.59,91.55,91.55,WESTERN DAWN,Cargo
900000001,2020-07-27 01:55:46,-91.791869,19.883456,12.44,55.02,55.02,OCEAN STAR,Cargo
900000002,2020-07-27 01:55:46,-92.108658,19.75708,10.68,131.87,131.87,BLUE HORIZON,Tanker
900000003,2020-07-27 01:55:46,-91.509503,20.188753,13.0,38.38,38.38,PACIFIC TRADER,Cargo
900000004,2020-07-27 01:55:46,-92.706205,18.94877,10.38,76.87,76.87,MARINE SPIRIT,Cargo
900000005,2020-07-27 01:55:46,-92.151599,19.597843,4.48,41.72,41.72,COASTAL DREAM,Fishing
900000006,2020-07-27 01:55:46,-91.999511,19.779785,8.99,0.17,0.17,NORTH WIND,Cargo
900000007,2020-07-27 01:55:46,-92.212982,19.513772,9.69,136.53,136.53,SEA FALCON,Tanker
900000008,2020-07-27 01:55:46,-92.517004,19.599613,13.76,89.75,89.75,WESTERN DAWN,Cargo
900000001,2020-07-27 02:05:46,-91.76298,19.902601,12.07,55.29,55.29,OCEAN STAR,Cargo
900000002,2020-07-27 02:05:46,-92.104491,19.753591,11.4,131.76,131.76,BLUE HORIZON,Tanker
900000003,2020-07-27 02:05:46,-91.504985,20.194494,13.17,37.14,37.14,PACIFIC TRADER,Cargo
900000004,2020-07-27 02:05:46,-92.703693,18.948851,9.75,74.46,74.46,MARINE SPIRIT,Cargo
900000005,2020-07-27 02:05:46,-92.151098,19.598927,4.45,44.3,44.3,COASTAL DREAM,Fishing
900000006,2020-07-27 02:05:46,-91.999777,19.789802,9.15,358.05,358.05,NORTH WIND,Cargo
900000007,2020-07-27 02:05:46,-92.207105,19.506859,9.81,135.13,135.13,SEA FALCON,Tanker
900000008,2020-07-27 02:05:46,-92.508331,19.599905,14.2,91.5,91.5,WESTERN DAWN,Cargo
900000001,2020-07-27 02:15:46,-91.734912,19.922259,11.8,55.79,55.79,OCEAN STAR,Cargo
900000002,2020-07-27 02:15:46,-92.100281,19.750115,10.65,128.87,128.87,BLUE HORIZON,Tanker
900000003,2020-07-27 02:15:46,-91.499894,20.200248,13.05,38.46,38.46,PACIFIC TRADER,Cargo
900000004,2020-07-27 02:15:46,-92.699962,18.949971,9.72,75.82,75.82,MARINE SPIRIT,Cargo
900000005,2020-07-27 02:15:46,-92.149745,19.599747,3.58,44.78,44.78,COASTAL DREAM,Fishing
900000006,2020-07-27 02:15:46,-91.999796,19.799947,9.06,358.31,358.31,NORTH WIND,Cargo
900000007,2020-07-27 02:15:46,-92.199952,19.499562,10.07,136.68,136.68,SEA FALCON,Tanker
900000008,2020-07-27 02:15:46,-92.500172,19.59965,13.62,90.0,90.0,WESTERN DAWN,Cargo
